Period,Ranking Date,Type,Country,Category,Criteria,Rank,Rank Change,Video Title,Views,Upload Date,Tags,Channel Name,Subscribers,Thumbnail,Video ID
일간,2026-06-15,shorts,미국,코메디,조회수 순위,1,0,Messing with Donald Duck PT10,9384759,2025.06.30,"#funny,#comedy",MC Squared90,"4,560,000",https://img.youtube.com/vi/D2KiaTYsPeY/mqdefault.jpg,D2KiaTYsPeY
일간,2026-06-15,shorts,미국,코메디,조회수 순위,2,+9,"Laughing one second, screaming the next.",8358128,2026.06.10,,昕昕,"11,100,000",https://img.youtube.com/vi/B_VTkvjBsSw/mqdefault.jpg,B_VTkvjBsSw
일간,2026-06-15,shorts,미국,코메디,조회수 순위,3,NEW,4เอาผ้าลงก่อนพ่อใหญ่,6692458,2026.06.14,"#ตลก,#funny",Charisse Lopez Auguis,"65,300",https://img.youtube.com/vi/mwgMdtgFt_I/mqdefault.jpg,mwgMdtgFt_I
일간,2026-06-15,shorts,미국,코메디,조회수 순위,4,+1,Id probably quit hicking after this,6318435,2026.06.13,"#memes,#shorts",Midge404,"6,090",https://img.youtube.com/vi/VMuwg2QJ7JE/mqdefault.jpg,VMuwg2QJ7JE
일간,2026-06-15,shorts,미국,코메디,조회수 순위,5,+2,외계인이 인류를 공격하다 👽🪫,6265829,2023.02.25,"#Shorts,#AlanArmy",Alan's Universe,"101,000,000",https://img.youtube.com/vi/KBNQL81XicM/mqdefault.jpg,KBNQL81XicM
일간,2026-06-15,shorts,미국,코메디,조회수 순위,6,-4,"As soon as we hear my wife playing this note, we’ll pop right out.",5787422,2026.04.27,,昕昕,"11,100,000",https://img.youtube.com/vi/_nQ7myzm_BM/mqdefault.jpg,_nQ7myzm_BM
일간,2026-06-15,shorts,미국,코메디,조회수 순위,7,-3,Pranking Donald Duck PT6,5292941,2025.07.27,"#funny,#comedy",MC Squared90,"4,560,000",https://img.youtube.com/vi/I3CMnCIzSWk/mqdefault.jpg,I3CMnCIzSWk
일간,2026-06-15,shorts,미국,코메디,조회수 순위,8,+212,Kindness Never Ends… It Spreads from Heart to Heart 💖✨🤝,5020589,2026.06.14,"#zunizuni,#KindnessNeverEnds",Zuni Zuni,"10,300,000",https://img.youtube.com/vi/Ce07GkReXOg/mqdefault.jpg,Ce07GkReXOg
일간,2026-06-15,shorts,미국,코메디,조회수 순위,9,+64,끝까지 보세요 😂😂 2370,4609790,2026.06.12,"#shorts,#youtubeshorts",Vines Best Laugh,"622,000",https://img.youtube.com/vi/KGt3JRm1x9I/mqdefault.jpg,KGt3JRm1x9I
일간,2026-06-15,shorts,미국,코메디,조회수 순위,10,NEW,"This meatball went around in circles, only to end up back in my mouth.",4561777,2026.06.15,,昕昕,"11,100,000",https://img.youtube.com/vi/__go9cpAczw/mqdefault.jpg,__go9cpAczw
일간,2026-06-15,shorts,미국,코메디,조회수 순위,11,+227,카이와 토타는 카메라맨을 정말 잘 대해줘요 💖,4452749,2026.06.14,"#반바지,#kaicenat",Snickerly,"1,230,000",https://img.youtube.com/vi/OMtCsEiK5HQ/mqdefault.jpg,OMtCsEiK5HQ
일간,2026-06-15,shorts,미국,코메디,조회수 순위,12,+80,The Kindness He Gave Away… Returned as Freedom 💖✨,4082199,2026.06.10,"#liam,#KindnessReturns",Liam,"5,160,000",https://img.youtube.com/vi/L7VDxAghHhk/mqdefault.jpg,L7VDxAghHhk
일간,2026-06-15,shorts,미국,코메디,조회수 순위,13,+96,OMG Pink donuts!😂  Best video by Anilinom,4074985,2026.06.14,"#shorts,#anilinom",Anilinom,"4,240,000",https://img.youtube.com/vi/iPzH9EjTroA/mqdefault.jpg,iPzH9EjTroA
일간,2026-06-15,shorts,미국,코메디,조회수 순위,14,-6,반복되는 문제 😳,3366749,2026.06.11,#VictoriaPfeifer,Victoria Pfeifer,"5,100,000",https://img.youtube.com/vi/3SXrhlXaDiQ/mqdefault.jpg,3SXrhlXaDiQ
일간,2026-06-15,shorts,미국,코메디,조회수 순위,15,-6,먼저 반응하는 사람이 지는 거야 👀,3353686,2026.06.14,,Cam2r,"1,750,000",https://img.youtube.com/vi/kIYKx7mdI58/mqdefault.jpg,kIYKx7mdI58
일간,2026-06-15,shorts,미국,코메디,조회수 순위,16,-4,HaHaHa 😂,3253588,2026.06.10,"#funny,#shorts",REAL ZUHIFY,"79,300",https://img.youtube.com/vi/XQaqOwm4LyI/mqdefault.jpg,XQaqOwm4LyI
일간,2026-06-15,shorts,미국,코메디,조회수 순위,17,-2,Wait for it 🤭,3125429,2026.05.03,"#paulinashows,#funny",Paulina Shows,"97,300",https://img.youtube.com/vi/yGAHHFLbG5s/mqdefault.jpg,yGAHHFLbG5s
일간,2026-06-15,shorts,미국,코메디,조회수 순위,18,-4,My wife thought we were eating ginger,3053688,2026.05.29,,昕昕,"11,100,000",https://img.youtube.com/vi/e_8IeCEhqAQ/mqdefault.jpg,e_8IeCEhqAQ
일간,2026-06-15,shorts,미국,코메디,조회수 순위,19,+23,군용 껌을 먹어봤습니다!,3044641,2026.06.11,#марик,MARIK,"6,790,000",https://img.youtube.com/vi/S9W6Rlr8Fpc/mqdefault.jpg,S9W6Rlr8Fpc
일간,2026-06-15,shorts,미국,코메디,조회수 순위,20,NEW,Hilarious Comeback Dance Moment You Can't Miss,2988401,2026.06.15,"#Funny,#FYP",Matt Sowards,"992,000",https://img.youtube.com/vi/nqkAWCWcYD0/mqdefault.jpg,nqkAWCWcYD0
일간,2026-06-15,shorts,미국,코메디,조회수 순위,21,-5,last moment 🤯,2970277,2026.05.08,"#shorts,#funny",Ohio Katty Cat,"217,000",https://img.youtube.com/vi/0pkujiL9Qcc/mqdefault.jpg,0pkujiL9Qcc
일간,2026-06-15,shorts,미국,코메디,조회수 순위,22,+6,"I gently raised my eyebrows twice, and my daughter knew what I wanted",2780866,2025.09.23,,昕昕,"11,100,000",https://img.youtube.com/vi/6cyXmZc6bxs/mqdefault.jpg,6cyXmZc6bxs
일간,2026-06-15,shorts,미국,코메디,조회수 순위,23,+31,How it feels to go back to work after vacation! 👀,2752932,2026.04.27,"#fails,#CCTV",Peachy,"4,890,000",https://img.youtube.com/vi/1mepkJIZyoI/mqdefault.jpg,1mepkJIZyoI
일간,2026-06-15,shorts,미국,코메디,조회수 순위,24,+6,"I teased my daughter for struggling with the can, only to find she’d already opened it.",2626301,2026.06.13,,昕昕,"11,100,000",https://img.youtube.com/vi/kJ0EWrt-sDE/mqdefault.jpg,kJ0EWrt-sDE
일간,2026-06-15,shorts,미국,코메디,조회수 순위,25,+155,Houses just aren't built like they used to be 😅,2600939,2026.06.14,"#afv,#fail",America's Funniest Home Videos,"7,820,000",https://img.youtube.com/vi/VpYn1uQ_J9U/mqdefault.jpg,VpYn1uQ_J9U
일간,2026-06-15,shorts,미국,코메디,조회수 순위,26,+7,"After mocking my daughter for being timid, I was actually startled myself",2567783,2026.06.04,,昕昕,"11,100,000",https://img.youtube.com/vi/alny12-kC6c/mqdefault.jpg,alny12-kC6c
일간,2026-06-15,shorts,미국,코메디,조회수 순위,27,-9,I helped him 😢kitty 🐈🐈‍⬛,2417998,2026.01.07,,Asat Show,"301,000",https://img.youtube.com/vi/Ei3KienN7CQ/mqdefault.jpg,Ei3KienN7CQ
일간,2026-06-15,shorts,미국,코메디,조회수 순위,28,+19,I shouldn't believe my daughter's guidance,2353402,2025.05.26,,昕昕一家人,"10,000,000",https://img.youtube.com/vi/4cE4onT6Kdg/mqdefault.jpg,4cE4onT6Kdg
일간,2026-06-15,shorts,미국,코메디,조회수 순위,29,NEW,เอาผ้าลงก่อนพ่อใหญ่,2211817,2026.06.14,"#ตลก,#funny",Charisse Lopez Auguis,"65,300",https://img.youtube.com/vi/NTmd_A1o2NA/mqdefault.jpg,NTmd_A1o2NA
일간,2026-06-15,shorts,미국,코메디,조회수 순위,30,+19,OMG What a huge surprise!😱  Best video by Anilinom,2183113,2026.06.11,"#shorts,#anilinom",Anilinom,"4,240,000",https://img.youtube.com/vi/5iAnkcFI7G4/mqdefault.jpg,5iAnkcFI7G4
일간,2026-06-15,shorts,미국,코메디,조회수 순위,31,+4,The World Cup takeover!! ⚽️  @YouTube @fifa,2131518,2026.06.11,"#ad,#FIFAWorldCup",Horchata Soto,"4,180,000",https://img.youtube.com/vi/qRExUEBFYKE/mqdefault.jpg,qRExUEBFYKE
일간,2026-06-15,shorts,미국,코메디,조회수 순위,32,-1,"형, 냄새 맡고 바로 알아챘네",2060548,2026.06.10,"#shorts,#viral",Epic Rewind,"18,000",https://img.youtube.com/vi/2Q7kp18fURk/mqdefault.jpg,2Q7kp18fURk
일간,2026-06-15,shorts,미국,코메디,조회수 순위,33,NEW,Insane first day in the USA 😭,2041198,2026.06.15,,John Casterline,"8,010,000",https://img.youtube.com/vi/cNX8TA94uJI/mqdefault.jpg,cNX8TA94uJI
일간,2026-06-15,shorts,미국,코메디,조회수 순위,34,NEW,먼저 완성하는 사람이 승리합니다! 😳,2037237,2026.06.15,,Cam2r,"1,750,000",https://img.youtube.com/vi/-8y81hXg_j4/mqdefault.jpg,-8y81hXg_j4
일간,2026-06-15,shorts,미국,코메디,조회수 순위,35,-18,She Didn't Remove The Protective Film from The Nutella! 😳,1998254,2026.04.25,"#shorts,#khamitovy",Marta and Rustam,"40,900,000",https://img.youtube.com/vi/O5omKPyZew4/mqdefault.jpg,O5omKPyZew4
일간,2026-06-15,shorts,미국,코메디,조회수 순위,36,+1,Dad is a child’s first 🦸‍♂️,1929926,2026.04.08,"#foryou,#love",Soft Chaos,"129,000",https://img.youtube.com/vi/9quZ4UUvVws/mqdefault.jpg,9quZ4UUvVws
일간,2026-06-15,shorts,미국,코메디,조회수 순위,37,-34,🤯,1927313,2026.06.07,"#editorial,#demonslayeredits",ronqhd,"48,800",https://img.youtube.com/vi/2cdI_HJOCWU/mqdefault.jpg,2cdI_HJOCWU
일간,2026-06-15,shorts,미국,코메디,조회수 순위,38,+44,,1924221,2026.06.12,"#анекдоты,#юмор",УЛЫБНИСЬ,"40,100",https://img.youtube.com/vi/_9l9P5DdMd4/mqdefault.jpg,_9l9P5DdMd4
일간,2026-06-15,shorts,미국,코메디,조회수 순위,39,-7,MI HIJA SE PERDIÓ By:alfredolarin,1903730,2026.05.15,"#humor,#comedy",JOLLYDOT,"622,000",https://img.youtube.com/vi/9Ov3ZyqWtyw/mqdefault.jpg,9Ov3ZyqWtyw
일간,2026-06-15,shorts,미국,코메디,조회수 순위,40,-19,Crazy trick with bicycle!😱,1883073,2026.05.11,#shorts,radmiru,"14,000,000",https://img.youtube.com/vi/uf0itd7fQZA/mqdefault.jpg,uf0itd7fQZA
일간,2026-06-15,shorts,미국,코메디,조회수 순위,41,-15,Kindness is Misunderstood,1868123,2026.04.17,"#catcute747,#shortstory",CAT CUTE,"7,000,000",https://img.youtube.com/vi/KsS8ycvv01U/mqdefault.jpg,KsS8ycvv01U
일간,2026-06-15,shorts,미국,코메디,조회수 순위,42,+2,She was able to make sure that the girl didn’t notice anything,1862710,2025.11.25,,Poli Lol,"110,000",https://img.youtube.com/vi/4-Qeg0BpMWw/mqdefault.jpg,4-Qeg0BpMWw
일간,2026-06-15,shorts,미국,코메디,조회수 순위,43,NEW,Put his glasses back on 😭 (@adham.coach),1858334,2026.06.14,"#shorts,#viral",Internet Hall of Fame,"135,000",https://img.youtube.com/vi/CXPwo7GTxAo/mqdefault.jpg,CXPwo7GTxAo
일간,2026-06-15,shorts,미국,코메디,조회수 순위,44,-8,Bro needs to slow down 😂,1855796,2026.06.10,,Tanmay Bhat,"5,380,000",https://img.youtube.com/vi/LXaPh2ZCyIA/mqdefault.jpg,LXaPh2ZCyIA
일간,2026-06-15,shorts,미국,코메디,조회수 순위,45,+5,Pick the soap baby 😂,1838769,2026.06.07,"#shorts,#comedy",khaly_tayoo,"36,700",https://img.youtube.com/vi/m4k0nChAnX8/mqdefault.jpg,m4k0nChAnX8
일간,2026-06-15,shorts,미국,코메디,조회수 순위,46,-19,OMG She can't figure it out!😂  Best video by Anilinom,1834613,2026.04.21,"#shorts,#anilinom",Anilinom,"4,240,000",https://img.youtube.com/vi/bT8SH7hnfHU/mqdefault.jpg,bT8SH7hnfHU
일간,2026-06-15,shorts,미국,코메디,조회수 순위,47,NEW,I wasn’t expecting the whole village to be on the adventure,1817366,2026.06.15,"#funny,#shorts",Matt Sowards,"992,000",https://img.youtube.com/vi/FXMY27T5Mu0/mqdefault.jpg,FXMY27T5Mu0
일간,2026-06-15,shorts,미국,코메디,조회수 순위,48,-24,Cute Baby & Big Brother 🫣😢,1728744,2026.05.23,,DaMus,"7,930,000",https://img.youtube.com/vi/GJd6L6RfE9g/mqdefault.jpg,GJd6L6RfE9g
일간,2026-06-15,shorts,미국,코메디,조회수 순위,49,-39,Crazy Dog 🐶 on the beach,1710458,2026.06.12,"#crazykozak,#dogshorts",Crazy Kozak,"376,000",https://img.youtube.com/vi/F7CcDTetv0I/mqdefault.jpg,F7CcDTetv0I
일간,2026-06-15,shorts,미국,코메디,조회수 순위,50,+26,OMG I love this!😂  Best video by Anilinom,1699076,2026.06.04,"#shorts,#anilinom",Anilinom,"4,240,000",https://img.youtube.com/vi/IcYZ52OU2yA/mqdefault.jpg,IcYZ52OU2yA
일간,2026-06-15,shorts,미국,코메디,조회수 순위,51,-13,Ray Surrounded By Knicks Fan 👀🤣,1689483,2026.06.12,"#shorts,#kaicenat",Snickerly,"1,230,000",https://img.youtube.com/vi/H7kopP96MhY/mqdefault.jpg,H7kopP96MhY
일간,2026-06-15,shorts,미국,코메디,조회수 순위,52,-12,모든 신호를 무시하는 라카이 😭🤣,1679580,2026.06.09,"#숏츠,#짜증나는",Snickerly,"1,230,000",https://img.youtube.com/vi/uN5turnaw9s/mqdefault.jpg,uN5turnaw9s
일간,2026-06-15,shorts,미국,코메디,조회수 순위,53,-40,I was shocked,1619412,2026.06.13,"#shorts,#usa",Chinese with Jessie,"2,110,000",https://img.youtube.com/vi/NhrpuGXUo5w/mqdefault.jpg,NhrpuGXUo5w
일간,2026-06-15,shorts,미국,코메디,조회수 순위,54,NEW,World Cup watch party fail 😭,1613350,2026.06.15,,John Casterline,"8,010,000",https://img.youtube.com/vi/GLXvdpRY320/mqdefault.jpg,GLXvdpRY320
일간,2026-06-15,shorts,미국,코메디,조회수 순위,55,+17,De rice handicap 🤣😂,1589178,2026.03.12,"#funny,#shorts",Comedy King,"196,000",https://img.youtube.com/vi/ILlGeEiz9gU/mqdefault.jpg,ILlGeEiz9gU
일간,2026-06-15,shorts,미국,코메디,조회수 순위,56,+1,Wait for end 😂😂 2308,1555235,2026.05.12,"#shorts,#youtubeshorts",Vines Best Laugh,"622,000",https://img.youtube.com/vi/-4T7iwpBc7I/mqdefault.jpg,-4T7iwpBc7I
일간,2026-06-15,shorts,미국,코메디,조회수 순위,57,-12,애스펀은 라카이가 프라임의 후원을 받는다는 걸 몰랐어요 😭,1553641,2025.11.11,"#shorts,#kaicenat",Snickerly,"1,230,000",https://img.youtube.com/vi/F92F3XIsv4k/mqdefault.jpg,F92F3XIsv4k
일간,2026-06-15,shorts,미국,코메디,조회수 순위,58,-36,문제 해결됨,1552260,2026.06.13,,Rajbanshi Jayanta,"23,700",https://img.youtube.com/vi/gz3uUl1rgio/mqdefault.jpg,gz3uUl1rgio
일간,2026-06-15,shorts,미국,코메디,조회수 순위,59,+3,💻,1523705,2026.06.11,"#creators,#demonslayeredits",ronqhd,"48,800",https://img.youtube.com/vi/tDA2uk-yDsQ/mqdefault.jpg,tDA2uk-yDsQ
일간,2026-06-15,shorts,미국,코메디,조회수 순위,60,-7,Alarm Clock in 1626 vs 2026,1517486,2026.04.16,"#shorts,#alarm",Omnik,"68,500",https://img.youtube.com/vi/4BHOW3S7gIs/mqdefault.jpg,4BHOW3S7gIs
일간,2026-06-15,shorts,미국,코메디,조회수 순위,61,-41,Our little chef shocked everyone 😳,1501004,2026.06.07,,Vovchiki.funhouse,"485,000",https://img.youtube.com/vi/aQsjVFh5SNk/mqdefault.jpg,aQsjVFh5SNk
일간,2026-06-15,shorts,미국,코메디,조회수 순위,62,-19,Dad is the baby’s biggest enemy 😂,1494320,2026.04.18,"#foryou,#funny",Soft Chaos,"129,000",https://img.youtube.com/vi/5HJNsPHJSDk/mqdefault.jpg,5HJNsPHJSDk
일간,2026-06-15,shorts,미국,코메디,조회수 순위,63,+66,บอกว่าอย่าตีงๆ😁,1467973,2026.05.16,"#funny,#dramachannel",นครินทร์ อรัญมิตร,"41,700",https://img.youtube.com/vi/oYHtFiRQSfo/mqdefault.jpg,oYHtFiRQSfo
일간,2026-06-15,shorts,미국,코메디,조회수 순위,64,NEW,Surprising my GIRLFRIEND 🥳,1463619,2026.06.15,,Cam2r,"1,750,000",https://img.youtube.com/vi/g_EBz4W068g/mqdefault.jpg,g_EBz4W068g
일간,2026-06-15,shorts,미국,코메디,조회수 순위,65,+2,I really don't understand why my wife adds seasonings to the water she uses to clean the stove.,1458880,2026.04.15,,昕昕,"11,100,000",https://img.youtube.com/vi/fNxKOPAbZac/mqdefault.jpg,fNxKOPAbZac
일간,2026-06-15,shorts,미국,코메디,조회수 순위,66,-5,With the Power to Stop Time⏳… She Chose Kindness Over Everything 💖✨,1439088,2026.06.11,"#zunizuni,#StopTime",Zuni Zuni,"10,300,000",https://img.youtube.com/vi/xGYWs0mEtUY/mqdefault.jpg,xGYWs0mEtUY
일간,2026-06-15,shorts,미국,코메디,조회수 순위,67,NEW,Ray Meets Ray Pro Max 🤣,1407658,2026.06.14,"#shorts,#kaicenat",Snickerly,"1,230,000",https://img.youtube.com/vi/2lchVJN8CuI/mqdefault.jpg,2lchVJN8CuI
일간,2026-06-15,shorts,미국,코메디,조회수 순위,68,NEW,CUANDO YA NO TE DEJAN VOLVER A SALIR 😭🫠,1361532,2026.06.15,#humor,LA TIA LOLA,"4,530,000",https://img.youtube.com/vi/CC46ZGMdXmo/mqdefault.jpg,CC46ZGMdXmo
일간,2026-06-15,shorts,미국,코메디,조회수 순위,69,-5,Bro nearly told them to turn the volume down,1350084,2026.06.11,"#memes,#funny",Videos that make your day better,"216,000",https://img.youtube.com/vi/xrhjMbWYtR8/mqdefault.jpg,xrhjMbWYtR8
일간,2026-06-15,shorts,미국,코메디,조회수 순위,70,-51,He thought she was asleep… 😳,1336830,2026.04.11,"#shorts,#funny",UncleFester,"107,000",https://img.youtube.com/vi/cEMBbdwfldA/mqdefault.jpg,cEMBbdwfldA
일간,2026-06-15,shorts,미국,코메디,조회수 순위,71,NEW,Она сняла стикер и все были в шоке,1336040,2026.06.14,#shorts,Гохисыч,"2,610,000",https://img.youtube.com/vi/O0_n6GxBIu8/mqdefault.jpg,O0_n6GxBIu8
일간,2026-06-15,shorts,미국,코메디,조회수 순위,72,-47,Europeans are COOKED in NYC 😭,1315436,2026.06.13,,John Casterline,"8,010,000",https://img.youtube.com/vi/3rwnCyPagbs/mqdefault.jpg,3rwnCyPagbs
일간,2026-06-15,shorts,미국,코메디,조회수 순위,73,-15,웃음 참기 챌린지 583😂🤣,1313817,2026.05.17,"#웃긴영상,#shorts",Saboor,"327,000",https://img.youtube.com/vi/GpqaYSt1qpU/mqdefault.jpg,GpqaYSt1qpU
일간,2026-06-15,shorts,미국,코메디,조회수 순위,74,-28,로블록스 레몬 상황 🍋 ||,1302728,2026.06.13,"#로블록스애니메이션,#로블록스",narrow,"1,780,000",https://img.youtube.com/vi/EW_CeQveBFU/mqdefault.jpg,EW_CeQveBFU
일간,2026-06-15,shorts,미국,코메디,조회수 순위,75,+18,Which one is your favorite?🥲,1300465,2025.11.14,,AboutEverything,"172,000",https://img.youtube.com/vi/o_srKtwra5Q/mqdefault.jpg,o_srKtwra5Q
일간,2026-06-15,shorts,미국,코메디,조회수 순위,76,NEW,What message about kindness towards others do I want to convey through the story of this poor,1294591,2026.06.14,,Crazy Kozak,"376,000",https://img.youtube.com/vi/Ao4E_YsuigE/mqdefault.jpg,Ao4E_YsuigE
일간,2026-06-15,shorts,미국,코메디,조회수 순위,77,+20,Kindness is Misunderstood,1293792,2026.05.21,"#catcute747,#shortstory",CAT CUTE,"7,000,000",https://img.youtube.com/vi/ubyvrBNBjec/mqdefault.jpg,ubyvrBNBjec
일간,2026-06-15,shorts,미국,코메디,조회수 순위,78,+140,실제로 상황이 벌어지면 딱 이럴 듯 😤,1284454,2026.06.14,,Onevilage,"9,800,000",https://img.youtube.com/vi/DhyjXf4NUpI/mqdefault.jpg,DhyjXf4NUpI
일간,2026-06-15,shorts,미국,코메디,조회수 순위,79,-1,"No matter how I change seats, the lucky one is not me",1269201,2025.10.09,,昕昕,"11,100,000",https://img.youtube.com/vi/sXvVsNdgt04/mqdefault.jpg,sXvVsNdgt04
일간,2026-06-15,shorts,미국,코메디,조회수 순위,80,+75,How the toddler has more manners 😭,1249933,2026.06.10,,blessedbyw,"41,900",https://img.youtube.com/vi/L65rJIDXNBQ/mqdefault.jpg,L65rJIDXNBQ
일간,2026-06-15,shorts,미국,코메디,조회수 순위,81,+3,I can’t believe this was 9 years ago! 😭,1240285,2026.06.10,,Coffee Family,"1,700,000",https://img.youtube.com/vi/osYMUFmClfQ/mqdefault.jpg,osYMUFmClfQ
일간,2026-06-15,shorts,미국,코메디,조회수 순위,82,+168,OMG Such a huge ice cream!🍦 Best video by Anilinom,1215648,2026.06.14,"#shorts,#anilinom",Anilinom,"4,240,000",https://img.youtube.com/vi/Qy7z5UtaoI8/mqdefault.jpg,Qy7z5UtaoI8
일간,2026-06-15,shorts,미국,코메디,조회수 순위,83,NEW,Почему его аттракцион пошёл не по плану ?,1210446,2026.06.10,#shorts,Гохисыч,"2,610,000",https://img.youtube.com/vi/10A8foI-LTk/mqdefault.jpg,10A8foI-LTk
일간,2026-06-15,shorts,미국,코메디,조회수 순위,84,-15,Dame tu COSITA 😃,1209575,2026.05.12,,DaMus,"7,930,000",https://img.youtube.com/vi/Cv3NhKf2OYA/mqdefault.jpg,Cv3NhKf2OYA
일간,2026-06-15,shorts,미국,코메디,조회수 순위,85,+26,เอาผ้าลงก่อนพ่อใหญ่,1190805,2026.06.11,"#ตลก,#funny",Charisse Lopez Auguis,"65,300",https://img.youtube.com/vi/c8ug-xh1cGE/mqdefault.jpg,c8ug-xh1cGE
일간,2026-06-15,shorts,미국,코메디,조회수 순위,86,-3,HaHaHa 😂,1177042,2026.06.10,#funny,REAL ZUHIFY,"79,300",https://img.youtube.com/vi/InJZCXNwv88/mqdefault.jpg,InJZCXNwv88
일간,2026-06-15,shorts,미국,코메디,조회수 순위,87,+142,I’d buy his course,1139142,2026.06.12,"#hopecore,#funny",Pickle-Lore,"56,400",https://img.youtube.com/vi/EprR2siLuLM/mqdefault.jpg,EprR2siLuLM
일간,2026-06-15,shorts,미국,코메디,조회수 순위,88,NEW,Bro Started Crying…,1129737,2026.06.15,"#funny,#hopecore",Hopeless Core,"294,000",https://img.youtube.com/vi/qs2x-ZgOu-w/mqdefault.jpg,qs2x-ZgOu-w
일간,2026-06-15,shorts,미국,코메디,조회수 순위,89,-83,How To Eat Candy CHOCOLATE! 😳,1106008,2026.06.07,"#shorts,#khamitovy",Marta and Rustam,"40,900,000",https://img.youtube.com/vi/_Hkev8LGbrg/mqdefault.jpg,_Hkev8LGbrg
일간,2026-06-15,shorts,미국,코메디,조회수 순위,90,+5,Why can't I burst this balloon?,1096424,2025.11.30,,昕昕,"11,100,000",https://img.youtube.com/vi/Xj3o3mRrKR4/mqdefault.jpg,Xj3o3mRrKR4
일간,2026-06-15,shorts,미국,코메디,조회수 순위,91,NEW,This guy,1095301,2026.06.14,,dayo funny comedy,"1,160,000",https://img.youtube.com/vi/9P54yf0i1oI/mqdefault.jpg,9P54yf0i1oI
일간,2026-06-15,shorts,미국,코메디,조회수 순위,92,-40,She cheated! 😒,1091564,2026.05.29,,The Weenie Family,"2,410,000",https://img.youtube.com/vi/AE8XWpyv60M/mqdefault.jpg,AE8XWpyv60M
일간,2026-06-15,shorts,미국,코메디,조회수 순위,93,NEW,TIENE LA PEOR SUERTE DEL MUNDO 🫣🫠,1085877,2026.06.15,#HUMOR,La Tia Lola 2,"851,000",https://img.youtube.com/vi/G1oeMbZIKQ8/mqdefault.jpg,G1oeMbZIKQ8
일간,2026-06-15,shorts,미국,코메디,조회수 순위,94,+186,"Viral bird master, make people laugh out loud funny videos entertainment +62 viral funny videos",1072300,2025.12.11,"#viral.,#lyrebird",sopo ngiro channel,"355,000",https://img.youtube.com/vi/AvCInfFX6bQ/mqdefault.jpg,AvCInfFX6bQ
일간,2026-06-15,shorts,미국,코메디,조회수 순위,95,NEW,숲속에 통나무집 짓기 🌲 | 생존 주택 단계별 제작,1068941,2026.06.08,"#reelschallenge,#통나무집",Shorts Flxo Usa,"112,000",https://img.youtube.com/vi/CJHIsNUmzkQ/mqdefault.jpg,CJHIsNUmzkQ
일간,2026-06-15,shorts,미국,코메디,조회수 순위,96,+23,Pranking Uncle Fester PT2,1055823,2025.11.18,"#funny,#comedy",MC Squared90,"4,560,000",https://img.youtube.com/vi/nwzkWkLEkGU/mqdefault.jpg,nwzkWkLEkGU
일간,2026-06-15,shorts,미국,코메디,조회수 순위,97,NEW,Kindness Is the Greatest Power… And Always Defeats Evil 💖✨,1043046,2026.06.14,"#liam,#GreatestPower",Liam,"5,160,000",https://img.youtube.com/vi/6gHHgePeXxQ/mqdefault.jpg,6gHHgePeXxQ
일간,2026-06-15,shorts,미국,코메디,조회수 순위,98,-10,Life Doodles | Sausage is cut into ice creams,1021602,2025.05.13,"#lifedoodles,#shorts",Life Doodles short,"8,480,000",https://img.youtube.com/vi/uNE_pJcy3uE/mqdefault.jpg,uNE_pJcy3uE
일간,2026-06-15,shorts,미국,코메디,조회수 순위,99,+6,Touch the ball challenge II is interesting let's play later!,1019174,2025.12.22,"#funny,#challenge",Family Games Media,"19,700,000",https://img.youtube.com/vi/2BOvw5GqHlk/mqdefault.jpg,2BOvw5GqHlk
일간,2026-06-15,shorts,미국,코메디,조회수 순위,100,+21,라면 실험🍜😱😱😱,1008510,2026.06.11,,ZoeTube,"11,800,000",https://img.youtube.com/vi/miL4QdtFJvk/mqdefault.jpg,miL4QdtFJvk
